[{"VendorName":"Volkswagen","Model":"Passat B8","Year":2016,"Cost":25000,"Engine":{"EngineVolume":2,"FuelType":"Diesel","Consumption":6.5},"GearBox":{"GearsAmount":6,"type":1,"Name":"DSG6"},"BodyType":1,"Color":0,"State":"used","RunDistance":120000},{"VendorName":"BMW","Model":"X5","Year":2016,"Cost":35000,"Engine":{"EngineVolume":3,"FuelType":"Gasoline","Consumption":13},"GearBox":{"GearsAmount":8,"type":1,"Name":"B58"},"BodyType":6,"Color":0,"State":"used","RunDistance":150000},{"VendorName":"BMW","Model":"M5","Year":2019,"Cost":110000,"Engine":{"EngineVolume":4.4000000000000004,"FuelType":"Gasoline","Consumption":14},"GearBox":{"GearsAmount":8,"type":1,"Name":"B60"},"BodyType":0,"Color":6,"State":"used","RunDistance":11000},{"VendorName":"BMW","Model":"X6M","Year":2017,"Cost":76500,"Engine":{"EngineVolume":4.4000000000000004,"FuelType":"Gasoline","Consumption":15},"GearBox":{"GearsAmount":8,"type":1,"Name":"B60"},"BodyType":6,"Color":1,"State":"used","RunDistance":37000},{"VendorName":"Mercedes-Benz","Model":"G55","Year":2008,"Cost":68000,"Engine":{"EngineVolume":5.5,"FuelType":"Gasoline","Consumption":22},"GearBox":{"GearsAmount":8,"type":1,"Name":"G33"},"BodyType":6,"Color":0,"State":"used","RunDistance":88000},{"VendorName":"Mercedes-Benz","Model":"S63","Year":2017,"Cost":96000,"Engine":{"EngineVolume":4.4000000000000004,"FuelType":"Gasoline","Consumption":17},"GearBox":{"GearsAmount":8,"type":1,"Name":"G33"},"BodyType":0,"Color":0,"State":"used","RunDistance":58000},{"VendorName":"Mercedes-Benz","Model":"C63","Year":2008,"Cost":47000,"Engine":{"EngineVolume":4,"FuelType":"Gasoline","Consumption":15},"GearBox":{"GearsAmount":7,"type":1,"Name":"G30"},"BodyType":5,"Color":2,"State":"used","RunDistance":54000},{"VendorName":"Nissan","Model":"GTR","Year":2016,"Cost":58000,"Engine":{"EngineVolume":3.7999999999999998,"FuelType":"Gasoline","Consumption":14},"GearBox":{"GearsAmount":8,"type":1,"Name":"M55"},"BodyType":5,"Color":3,"State":"used","RunDistance":46000},{"VendorName":"Audi","Model":"A7","Year":2018,"Cost":62000,"Engine":{"EngineVolume":3,"FuelType":"Gasoline","Consumption":12},"GearBox":{"GearsAmount":8,"type":1,"Name":"A88"},"BodyType":0,"Color":5,"State":"used","RunDistance":54000},{"VendorName":"Audi","Model":"Q8","Year":2019,"Cost":87000,"Engine":{"EngineVolume":3,"FuelType":"Diesel","Consumption":12},"GearBox":{"GearsAmount":8,"type":1,"Name":"A88"},"BodyType":6,"Color":5,"State":"used","RunDistance":54000},{"VendorName":"Lancia","Model":"Musa","Year":2008,"Cost":7600,"Engine":{"EngineVolume":1.3999999999999999,"FuelType":"Gasoline","Consumption":7},"GearBox":{"GearsAmount":6,"type":1,"Name":"D6"},"BodyType":0,"Color":8,"State":"used","RunDistance":180000},{"VendorName":"Toyota","Model":"Fortuner","Year":2006,"Cost":13000,"Engine":{"EngineVolume":4,"FuelType":"Gasoline","Consumption":24},"GearBox":{"GearsAmount":6,"type":1,"Name":"D66"},"BodyType":6,"Color":0,"State":"used","RunDistance":220000},{"VendorName":"Toyota","Model":"Land Cruiser 200","Year":2017,"Cost":61000,"Engine":{"EngineVolume":4.5,"FuelType":"Diesel","Consumption":18},"GearBox":{"GearsAmount":8,"type":1,"Name":"D70"},"BodyType":6,"Color":0,"State":"used","RunDistance":123000},{"VendorName":"Volswagen","Model":"T5","Year":2015,"Cost":17000,"Engine":{"EngineVolume":2.5,"FuelType":"Diesel","Consumption":12},"GearBox":{"GearsAmount":6,"type":1,"Name":"W12"},"BodyType":8,"Color":10,"State":"used","RunDistance":160000},{"VendorName":"Volswagen","Model":"T6","Year":2019,"Cost":34000,"Engine":{"EngineVolume":2,"FuelType":"Diesel","Consumption":10},"GearBox":{"GearsAmount":6,"type":1,"Name":"W16"},"BodyType":8,"Color":9,"State":"used","RunDistance":55000},{"VendorName":"Toyota","Model":"Land Cruiser 100","Year":2001,"Cost":36000,"Engine":{"EngineVolume":4.2000000000000002,"FuelType":"Diesel","Consumption":17},"GearBox":{"GearsAmount":6,"type":0,"Name":"W10"},"BodyType":3,"Color":8,"State":"used","RunDistance":33000},{"VendorName":"Toyota","Model":"Sienna","Year":2023,"Cost":88000,"Engine":{"EngineVolume":2.5,"FuelType":"Gasoline","Consumption":11},"GearBox":{"GearsAmount":7,"type":1,"Name":"W22"},"BodyType":9,"Color":1,"State":"new","RunDistance":0},{"VendorName":"Toyota","Model":"Tundra","Year":2023,"Cost":135000,"Engine":{"EngineVolume":3.3999999999999999,"FuelType":"Gasoline","Consumption":18},"GearBox":{"GearsAmount":8,"type":1,"Name":"W42"},"BodyType":7,"Color":4,"State":"new","RunDistance":0},{"VendorName":"Mercedes-Benz","Model":"SL","Year":2023,"Cost":280000,"Engine":{"EngineVolume":4,"FuelType":"Gasoline","Consumption":14},"GearBox":{"GearsAmount":8,"type":1,"Name":"W40"},"BodyType":2,"Color":7,"State":"new","RunDistance":0},{"VendorName":"Mini ","Model":"Cooper ","Year":2023,"Cost":44500,"Engine":{"EngineVolume":2,"FuelType":"Gasoline","Consumption":9},"GearBox":{"GearsAmount":6,"type":2,"Name":"K21"},"BodyType":4,"Color":2,"State":"new","RunDistance":0},{"VendorName":"Tesla ","Model":"Model S ","Year":2023,"Cost":134000,"Engine":{"EngineVolume":0,"FuelType":"Electro","Consumption":0},"GearBox":{"GearsAmount":1,"type":2,"Name":"E40"},"BodyType":0,"Color":2,"State":"new","RunDistance":0},{"VendorName":"Tesla ","Model":"Model X ","Year":2023,"Cost":230000,"Engine":{"EngineVolume":0,"FuelType":"Electro","Consumption":0},"GearBox":{"GearsAmount":1,"type":2,"Name":"E40"},"BodyType":0,"Color":2,"State":"new","RunDistance":0},{"VendorName":"Audi","Model":"A8","Year":2018,"Cost":89000,"Engine":{"EngineVolume":4.4000000000000004,"FuelType":"Black","Consumption":15},"GearBox":{"GearsAmount":2,"type":2,"Name":"EL5"},"BodyType":0,"Color":0,"State":"Used","RunDistance":77000},{"VendorName":"\u0412\u0410\u0417 (Lada)","Model":"2107","Year":2005,"Cost":5500,"Engine":{"EngineVolume":1.6000000000000001,"FuelType":"Red","Consumption":9},"GearBox":{"GearsAmount":2,"type":2,"Name":"EL5"},"BodyType":0,"Color":2,"State":"Used","RunDistance":450000},{"VendorName":"Dodge","Model":"challenger","Year":2016,"Cost":23000,"Engine":{"EngineVolume":5,"FuelType":"Black","Consumption":30},"GearBox":{"GearsAmount":2,"type":2,"Name":"EL5"},"BodyType":5,"Color":0,"State":"Crash","RunDistance":20000},{"VendorName":"Chevrolet","Model":"Bolt","Year":2023,"Cost":27000,"Engine":{"EngineVolume":0,"FuelType":"Black","Consumption":0},"GearBox":{"GearsAmount":2,"type":2,"Name":"EL5"},"BodyType":4,"Color":0,"State":"Crash","RunDistance":1000},{"VendorName":"\u0412\u0410\u0417 (Lada)","Model":"Priora","Year":2006,"Cost":5400,"Engine":{"EngineVolume":1.6000000000000001,"FuelType":"Gasoline","Consumption":9},"GearBox":{"GearsAmount":2,"type":2,"Name":"EL5"},"BodyType":0,"Color":0,"State":"Used","RunDistance":179000}]