[{"Name":"Bogdan","Email":"bogdan@gmail.com","Phone":"435345345","costFrom":10000,"costTo":60000,"Status":0,"CarPreferences":[{"PreferredVendor":"BMW","PreferredModel":"X5","PreferredSpecs":{"EngineType":"3","Transmission":"8 Robotics B58","Color":"Black","Year":2016}},{"PreferredVendor":"Volkswagen","PreferredModel":"Passat B8","PreferredSpecs":{"EngineType":"2","Transmission":"6 Robotics DSG6","Color":"Black","Year":2016}}]},{"Name":"Daniel","Email":"Daniel@gmail.com","Phone":"213213213","costFrom":10000,"costTo":100000,"Status":0,"CarPreferences":[{"PreferredVendor":"Volkswagen","PreferredModel":"Passat B8","PreferredSpecs":{"EngineType":"2","Transmission":"6 Robotics DSG6","Color":"Black","Year":2016}}]},{"Name":"Nazar","Email":"Nazar@gmail.com","Phone":"\u002B380956848529","costFrom":30000,"costTo":1000000,"Status":0,"CarPreferences":[{"PreferredVendor":"Audi","PreferredModel":"rs6","PreferredSpecs":{"EngineType":"4","Transmission":"","Color":"Black","Year":2022}}]}]