[{"number":8689,"Client":{"Name":"Daniel","Email":"Daniel@gmail.com","Phone":"213213213","costFrom":10000,"costTo":100000,"Status":0,"CarPreferences":[{"PreferredVendor":"Volkswagen","PreferredModel":"Passat B8","PreferredSpecs":{"EngineType":"2","Transmission":"6 Robotics DSG6","Color":"Black","Year":2016}}]},"suggestedCars":[{"VendorName":"Volkswagen","Model":"Passat B8","Year":2016,"Cost":25000,"Engine":{"EngineVolume":2,"FuelType":"Diesel","Consumption":6.5},"GearBox":{"GearsAmount":6,"type":1,"Name":"DSG6"},"BodyType":1,"Color":0,"State":"used","RunDistance":120000}],"orderStatus":0,"Car":null,"created":"2023-08-01T16:17:32.6649708+02:00","updated":"2023-08-01T16:17:32.6649708+02:00","delivered":"0001-01-01T00:00:00"},{"number":5214,"Client":{"Name":"Bogdan","Email":"bogdan@gmail.com","Phone":"435345345","costFrom":10000,"costTo":60000,"Status":0,"CarPreferences":[{"PreferredVendor":"BMW","PreferredModel":"X5","PreferredSpecs":{"EngineType":"3","Transmission":"8 Robotics B58","Color":"Black","Year":2016}},{"PreferredVendor":"Volkswagen","PreferredModel":"Passat B8","PreferredSpecs":{"EngineType":"2","Transmission":"6 Robotics DSG6","Color":"Black","Year":2016}}]},"suggestedCars":[{"VendorName":"BMW","Model":"X5","Year":2016,"Cost":35000,"Engine":{"EngineVolume":3,"FuelType":"Gasoline","Consumption":13},"GearBox":{"GearsAmount":8,"type":1,"Name":"B58"},"BodyType":6,"Color":0,"State":"used","RunDistance":150000},{"VendorName":"Volkswagen","Model":"Passat B8","Year":2016,"Cost":25000,"Engine":{"EngineVolume":2,"FuelType":"Diesel","Consumption":6.5},"GearBox":{"GearsAmount":6,"type":1,"Name":"DSG6"},"BodyType":1,"Color":0,"State":"used","RunDistance":120000}],"orderStatus":0,"Car":null,"created":"2023-08-05T15:42:40.1759736+02:00","updated":"2023-08-05T15:42:40.1759736+02:00","delivered":"0001-01-01T00:00:00"}]